start,text
0.0,"As you can see from this diagram, the process is quite straightforward."
4.4,Let me show you a different perspective on this problem.
8.0,Now we'll explore how this integrates with the rest of the system. This technique is widely used in industry applications.
15.3,This function takes three parameters as input.
17.8,The scalability of this solution is crucial for large datasets. Let's walk through the code step by step.
24.3,This is essential for maintaining code quality. The results show a clear improvement in performance metrics.
30.1,This is the foundation for more advanced topics.
33.0,This is where you need to pay attention to memory usage.
37.0,This function takes three parameters as input.
39.6,This is one of the most important concepts you'll learn.
43.2,Let me highlight the most critical parts of this solution.
46.8,Here's how the data flows through the pipeline.
49.7,This is a classic problem in computer science. The results show a clear improvement in performance metrics.
55.9,This approach has several advantages over the traditional method.
59.2,This approach has several advantages over the traditional method.
62.5,This is one of the most important concepts you'll learn.
66.1,We can optimize this further by using parallel processing.
69.4,The error handling is important for robust applications.
72.3,This is essential for maintaining code quality.
74.8,Let me explain the intuition behind this formula. This is where most people make mistakes in their implementation.
81.3,The key insight here is that we need to understand the underlying principles. Today we're going to explore advanced machine learning techniques.
89.3,Let me highlight the most critical parts of this solution. This particular method has been proven to be very effective.
96.6,This is the foundation for more advanced topics. The results show a clear improvement in performance metrics.
102.8,This is a classic problem in computer science.
105.7,This is one of the most important concepts you'll learn.
109.3,The results show a clear improvement in performance metrics.
112.6,Now we'll explore how this integrates with the rest of the system.
116.9,The visualization helps us understand the underlying patterns. This approach has several advantages over the traditional method.
123.1,Now we'll explore how this integrates with the rest of the system.
127.5,This is a common pattern you'll see in production code. The visualization helps us understand the underlying patterns.
134.0,Here's a summary of what we've covered so far. We can optimize this further by using parallel processing.
140.5,The performance improvement is significant when using this technique. This is the foundation for more advanced topics.
146.7,You can apply this principle to many different problems.
150.0,This is the foundation for more advanced topics.
152.9,This is where you need to pay attention to memory usage. This data structure provides efficient access patterns.
159.4,This is one of the most important concepts you'll learn. The visualization helps us understand the underlying patterns.
165.9,"Now, let's move on to the next section of our course. Now let's discuss the trade-offs of this approach."
172.8,This is where most people make mistakes in their implementation. Here's where the magic happens in the algorithm.
179.4,This is where you need to pay attention to memory usage.
183.4,Let me break this down into simpler components for you. We can optimize this further by using parallel processing.
190.3,This concept is fundamental to understanding the entire system.
193.5,The solution involves breaking it down into subproblems.
196.4,This data structure provides efficient access patterns. The time complexity of this operation is linear.
201.9,The error handling is important for robust applications. The solution involves breaking it down into subproblems.
207.7,This approach has several advantages over the traditional method. Here's how the data flows through the pipeline.
213.9,This technique has been refined over many years.
216.8,The results show a clear improvement in performance metrics.
220.1,The output will be processed in the following way.
223.3,This approach requires careful consideration of edge cases.
226.2,"Before we proceed, make sure you understand this concept. This approach requires careful consideration of edge cases."
232.4,Today we're going to explore advanced machine learning techniques.
235.7,The algorithm terminates when this condition is met. Let's test this implementation with some sample data.
241.5,This approach requires careful consideration of edge cases.
244.4,"As you can see from this diagram, the process is quite straightforward."
248.7,The results show a clear improvement in performance metrics.
252.0,Let me highlight the most critical parts of this solution.
255.6,This data structure provides efficient access patterns.
258.2,Now we'll explore how this integrates with the rest of the system.
262.5,This approach has several advantages over the traditional method.
265.8,Let's walk through the code step by step. This particular method has been proven to be very effective.
272.3,The results show a clear improvement in performance metrics.
275.6,The scalability of this solution is crucial for large datasets. The solution involves breaking it down into subproblems.
282.1,The output will be processed in the following way. This is where most people make mistakes in their implementation.
289.0,This is a common pattern you'll see in production code.
292.7,"The performance improvement is significant when using this technique. Now, let's move on to the next section of our course."
299.9,"Now, let's move on to the next section of our course. The results show a clear improvement in performance metrics."
307.2,Let me highlight the most critical parts of this solution.
310.8,"Now, let's move on to the next section of our course."
314.8,This concept is fundamental to understanding the entire system.
318.1,"If you look at the documentation, you'll find more details. Let me highlight the most critical parts of this solution."
325.4,"Before we proceed, make sure you understand this concept."
328.6,This is one of the most important concepts you'll learn.
332.3,This is essential for maintaining code quality.
334.8,This is a common pattern you'll see in production code.
338.4,The algorithm terminates when this condition is met.
341.3,The key insight here is that we need to understand the underlying principles. The key insight here is that we need to understand the underlying princi
350.8,"Here's how the data flows through the pipeline. Before we proceed, make sure you understand this concept."
357.0,"If you look at the documentation, you'll find more details."
360.6,"As you can see from this diagram, the process is quite straightforward."
364.9,This concept is fundamental to understanding the entire system. Now let's discuss the trade-offs of this approach.
371.1,This technique has been refined over many years.
374.0,Notice how the variables are initialized at the beginning. Here's where the magic happens in the algorithm.
380.2,Today we're going to explore advanced machine learning techniques. This problem can be solved using dynamic programming.
386.4,Let me break this down into simpler components for you.
390.0,Notice how the variables are initialized at the beginning.
393.3,Now let's discuss the trade-offs of this approach.
396.2,You can apply this principle to many different problems. Now let's discuss the trade-offs of this approach.
402.3,This pattern is used across many different frameworks.
405.2,The algorithm terminates when this condition is met.
408.2,"Before we proceed, make sure you understand this concept."
411.4,This is one of the most important concepts you'll learn.
415.1,This is the foundation for more advanced topics. The algorithm terminates when this condition is met.
420.9,The time complexity of this operation is linear.
423.8,The visualization helps us understand the underlying patterns. Let me give you a practical example of how this works.
430.7,You can apply this principle to many different problems. Let me show you a different perspective on this problem.
437.6,This is a classic problem in computer science.
440.5,This is a common pattern in modern software architecture.
443.7,This particular method has been proven to be very effective. Let me give you a practical example of how this works.
451.4,"Before we proceed, make sure you understand this concept. The results show a clear improvement in performance metrics."
457.9,Let me highlight the most critical parts of this solution. Notice how the variables are initialized at the beginning.
464.8,You can apply this principle to many different problems. This is where you need to pay attention to memory usage.
472.1,We can optimize this further by using parallel processing.
475.3,"Now, let's move on to the next section of our course. The scalability of this solution is crucial for large datasets."
483.0,The recursion here creates a tree structure of computations.
486.2,"Before we proceed, make sure you understand this concept. Notice how the variables are initialized at the beginning."
492.8,The performance improvement is significant when using this technique. This is where the actual computation takes place.
498.9,"As you can see from this diagram, the process is quite straightforward."
503.3,This is one of the most important concepts you'll learn. This is where most people make mistakes in their implementation.
510.6,Now let's discuss the trade-offs of this approach.
513.5,"Now, let's move on to the next section of our course."
517.5,Here's how the data flows through the pipeline.
520.4,You might be wondering why we need this approach.
523.6,Now let's discuss the trade-offs of this approach. This is a common pattern you'll see in production code.
530.2,This is one of the most important concepts you'll learn.
533.8,Let's test this implementation with some sample data. The solution involves breaking it down into subproblems.
539.6,Let's walk through the code step by step. Today we're going to explore advanced machine learning techniques.
545.8,This is essential for maintaining code quality. Let me show you a different perspective on this problem.
551.9,The visualization helps us understand the underlying patterns. Here's where the magic happens in the algorithm.
557.8,"If you look at the documentation, you'll find more details."
561.4,We can optimize this further by using parallel processing.
564.7,This concept is fundamental to understanding the entire system.
567.9,Notice how the variables are initialized at the beginning.
571.2,This is a common pattern you'll see in production code. Today we're going to explore advanced machine learning techniques.
578.1,This is essential for maintaining code quality.
580.6,The results show a clear improvement in performance metrics.
583.9,Now we'll explore how this integrates with the rest of the system.
588.3,The algorithm terminates when this condition is met.
591.2,We can optimize this further by using parallel processing.
594.4,"If you look at the documentation, you'll find more details."
598.1,Let's test this implementation with some sample data. Here's how the data flows through the pipeline.
603.9,Today we're going to explore advanced machine learning techniques.
607.1,This is where you need to pay attention to memory usage.
611.1,Now we'll explore how this integrates with the rest of the system. This pattern is used across many different frameworks.
618.4,Let me highlight the most critical parts of this solution. The time complexity of this operation is linear.
624.9,"If you look at the documentation, you'll find more details. This is essential for maintaining code quality."
631.1,This approach has several advantages over the traditional method. The output will be processed in the following way.
637.6,This function takes three parameters as input.
640.2,Now let's discuss the trade-offs of this approach.
643.1,The results show a clear improvement in performance metrics.
646.4,Let's test this implementation with some sample data.
649.3,This is one of the most important concepts you'll learn.
652.9,This data structure provides efficient access patterns. Let me break this down into simpler components for you.
659.1,Today we're going to explore advanced machine learning techniques.
662.3,This particular method has been proven to be very effective.
666.0,This is a classic problem in computer science. You can apply this principle to many different problems.
672.1,Let me give you a practical example of how this works. The time complexity of this operation is linear.
679.0,Here's where the magic happens in the algorithm.
681.9,This is a classic problem in computer science. This is the foundation for more advanced topics.
687.8,This data structure provides efficient access patterns. The performance improvement is significant when using this technique.
693.6,Here's where the magic happens in the algorithm. This technique has been refined over many years.
699.4,The scalability of this solution is crucial for large datasets.
703.0,This is essential for maintaining code quality.
705.5,The results show a clear improvement in performance metrics. This particular method has been proven to be very effective.
712.4,This is a common pattern in modern software architecture.
715.7,Let me highlight the most critical parts of this solution. This data structure provides efficient access patterns.
721.9,The key insight here is that we need to understand the underlying principles.
726.6,Today we're going to explore advanced machine learning techniques.
729.9,"The key insight here is that we need to understand the underlying principles. As you can see from this diagram, the process is quite straightforward."
739.0,You might be wondering why we need this approach.
742.2,The error handling is important for robust applications.
745.1,The results show a clear improvement in performance metrics. The output will be processed in the following way.
751.7,Let me show you a different perspective on this problem.
755.3,The results show a clear improvement in performance metrics. The scalability of this solution is crucial for large datasets.
762.2,Let me show you a different perspective on this problem.
765.8,The key insight here is that we need to understand the underlying principles. Let me highlight the most critical parts of this solution.
774.2,This technique is widely used in industry applications.
777.1,The scalability of this solution is crucial for large datasets.
780.7,This is the foundation for more advanced topics. The time complexity of this operation is linear.
786.5,Let me show you a different perspective on this problem.
790.2,This data structure provides efficient access patterns.
792.7,This technique is widely used in industry applications.
795.6,Let me highlight the most critical parts of this solution.
799.2,Let me explain the intuition behind this formula.
802.1,"As you can see from this diagram, the process is quite straightforward. The solution involves breaking it down into subproblems."
809.4,The solution involves breaking it down into subproblems. This is a common pattern you'll see in production code.
815.9,Now let's discuss the trade-offs of this approach.
818.8,This is the foundation for more advanced topics. The recursion here creates a tree structure of computations.
825.0,You can apply this principle to many different problems.
828.3,This approach requires careful consideration of edge cases. You might be wondering why we need this approach.
834.5,This technique is widely used in industry applications.
837.4,Here's how the data flows through the pipeline.
840.3,This particular method has been proven to be very effective. This approach requires careful consideration of edge cases.
846.8,You might be wondering why we need this approach. Now let's discuss the trade-offs of this approach.
853.0,This is a common pattern in modern software architecture.
856.2,This is a classic problem in computer science.
859.2,The key insight here is that we need to understand the underlying principles.
863.9,Let me highlight the most critical parts of this solution.
867.5,Today we're going to explore advanced machine learning techniques.
870.8,This function takes three parameters as input.
873.3,This is the foundation for more advanced topics.
876.2,Here's how the data flows through the pipeline.
879.1,Now we'll explore how this integrates with the rest of the system. This pattern is used across many different frameworks.
886.4,This problem can be solved using dynamic programming.
889.3,This is where most people make mistakes in their implementation.
892.9,The scalability of this solution is crucial for large datasets. The output will be processed in the following way.
899.8,Let's test this implementation with some sample data.
902.7,Let me give you a practical example of how this works. This is essential for maintaining code quality.
909.3,"Now, let's move on to the next section of our course. This problem can be solved using dynamic programming."
916.2,Let me give you a practical example of how this works.
920.2,The algorithm terminates when this condition is met. The solution involves breaking it down into subproblems.
926.0,Notice how the variables are initialized at the beginning.
929.2,"As you can see from this diagram, the process is quite straightforward."
933.6,This is where the actual computation takes place. Let me break this down into simpler components for you.
940.1,Here's a summary of what we've covered so far.
943.4,The algorithm terminates when this condition is met. Let me highlight the most critical parts of this solution.
949.9,This is one of the most important concepts you'll learn. The performance improvement is significant when using this technique.
956.8,Notice how the variables are initialized at the beginning. This approach has several advantages over the traditional method.
963.4,The output will be processed in the following way. This is a common pattern in modern software architecture.
969.9,This is where the actual computation takes place. You can apply this principle to many different problems.
976.1,Here's where the magic happens in the algorithm.
979.0,You might be wondering why we need this approach. This technique has been refined over many years.
985.2,Now let's discuss the trade-offs of this approach.
988.1,The error handling is important for robust applications.
991.0,This is a common pattern in modern software architecture.
994.2,Today we're going to explore advanced machine learning techniques. You might be wondering why we need this approach.
1000.8,This is where you need to pay attention to memory usage. This particular method has been proven to be very effective.
1008.4,This technique is widely used in industry applications. The output will be processed in the following way.
1014.6,Let me explain the intuition behind this formula. Here's where the magic happens in the algorithm.
1020.4,"As you can see from this diagram, the process is quite straightforward. If you look at the documentation, you'll find more details."
1028.4,"Before we proceed, make sure you understand this concept."
1031.6,This is where you need to pay attention to memory usage. Let me show you a different perspective on this problem.
1039.3,Here's where the magic happens in the algorithm.
1042.2,Notice how the variables are initialized at the beginning. This particular method has been proven to be very effective.
1049.1,The key insight here is that we need to understand the underlying principles.
1053.8,The recursion here creates a tree structure of computations.
1057.1,Notice how the variables are initialized at the beginning.
1060.3,Let's walk through the code step by step.
1063.2,This technique is widely used in industry applications. The output will be processed in the following way.
1069.4,The output will be processed in the following way.
1072.7,Let's test this implementation with some sample data.
1075.6,The results show a clear improvement in performance metrics.
1078.8,Today we're going to explore advanced machine learning techniques.
1082.1,This particular method has been proven to be very effective.
1085.7,Here's where the magic happens in the algorithm. This is one of the most important concepts you'll learn.
1092.3,This particular method has been proven to be very effective.
1095.9,Here's how the data flows through the pipeline.
1098.8,This is essential for maintaining code quality.
1101.4,Here's where the magic happens in the algorithm. Let me show you a different perspective on this problem.
1107.9,Let me highlight the most critical parts of this solution. The visualization helps us understand the underlying patterns.
1114.4,We can optimize this further by using parallel processing. This is where the actual computation takes place.
1120.6,Let's walk through the code step by step. The key insight here is that we need to understand the underlying principles.
1128.2,Let me highlight the most critical parts of this solution.
1131.9,This technique has been refined over many years.
1134.8,"Before we proceed, make sure you understand this concept."
1138.0,The recursion here creates a tree structure of computations.
1141.3,Let me break this down into simpler components for you.
1144.9,This concept is fundamental to understanding the entire system. Let me break this down into simpler components for you.
1151.8,Let me show you a different perspective on this problem.
1155.5,Here's where the magic happens in the algorithm. This function takes three parameters as input.
1160.9,The algorithm terminates when this condition is met. The algorithm terminates when this condition is met.
1166.7,This particular method has been proven to be very effective.
1170.3,You can apply this principle to many different problems.
1173.6,Today we're going to explore advanced machine learning techniques.
1176.9,"This problem can be solved using dynamic programming. If you look at the documentation, you'll find more details."
1183.4,The results show a clear improvement in performance metrics. Here's where the magic happens in the algorithm.
1189.6,Let me show you a different perspective on this problem.
1193.2,This is where most people make mistakes in their implementation.
1196.9,This function takes three parameters as input.
1199.4,Let me break this down into simpler components for you. Today we're going to explore advanced machine learning techniques.
1206.3,This is one of the most important concepts you'll learn. The error handling is important for robust applications.
1212.8,Let me explain the intuition behind this formula. The output will be processed in the following way.
1219.0,This pattern is used across many different frameworks. This approach has several advantages over the traditional method.
1225.2,Here's how the data flows through the pipeline. The recursion here creates a tree structure of computations.
1231.4,The performance improvement is significant when using this technique.
1234.6,This is where the actual computation takes place.
1237.5,This function takes three parameters as input. Here's how the data flows through the pipeline.
1243.0,"The key insight here is that we need to understand the underlying principles. If you look at the documentation, you'll find more details."
1251.3,This approach requires careful consideration of edge cases. Let me explain the intuition behind this formula.
1257.1,This is a common pattern in modern software architecture.
1260.4,This problem can be solved using dynamic programming.
1263.3,This is a common pattern in modern software architecture.
1266.6,The algorithm terminates when this condition is met.
1269.5,We can optimize this further by using parallel processing.
1272.7,Let me highlight the most critical parts of this solution.
1276.4,This approach requires careful consideration of edge cases. This is where you need to pay attention to memory usage.
1283.3,This technique has been refined over many years. Now let's discuss the trade-offs of this approach.
1289.1,Let me explain the intuition behind this formula. This technique has been refined over many years.
1294.9,The time complexity of this operation is linear.
1297.8,The recursion here creates a tree structure of computations.
1301.1,This particular method has been proven to be very effective.
1304.7,The visualization helps us understand the underlying patterns.
1307.6,The output will be processed in the following way.
1310.9,Today we're going to explore advanced machine learning techniques.
1314.1,The solution involves breaking it down into subproblems.
1317.0,Here's a summary of what we've covered so far.
1320.3,Notice how the variables are initialized at the beginning.
1323.6,The recursion here creates a tree structure of computations.
1326.9,The recursion here creates a tree structure of computations.
1330.1,This technique is widely used in industry applications.
1333.0,The time complexity of this operation is linear.
1335.9,Let's test this implementation with some sample data. This problem can be solved using dynamic programming.
1341.7,"If you look at the documentation, you'll find more details. This is where you need to pay attention to memory usage."
1349.4,Let's test this implementation with some sample data.
1352.3,Notice how the variables are initialized at the beginning. This approach has several advantages over the traditional method.
1358.8,You might be wondering why we need this approach.
1362.1,This data structure provides efficient access patterns. This problem can be solved using dynamic programming.
1367.5,The visualization helps us understand the underlying patterns.
1370.4,This is where you need to pay attention to memory usage.
1374.4,Now let's discuss the trade-offs of this approach.
1377.3,"The visualization helps us understand the underlying patterns. Now, let's move on to the next section of our course."
1384.2,You can apply this principle to many different problems. This function takes three parameters as input.
1390.0,Let me show you a different perspective on this problem. The scalability of this solution is crucial for large datasets.
1397.3,"Before we proceed, make sure you understand this concept. Notice how the variables are initialized at the beginning."
1403.8,This is a common pattern you'll see in production code.
1407.5,"If you look at the documentation, you'll find more details."
1411.1,Now let's discuss the trade-offs of this approach.
1414.0,We can optimize this further by using parallel processing. Let me break this down into simpler components for you.
1420.9,This is the foundation for more advanced topics. The scalability of this solution is crucial for large datasets.
1427.4,This pattern is used across many different frameworks.
1430.3,Let me show you a different perspective on this problem.
1434.0,The solution involves breaking it down into subproblems. Let me break this down into simpler components for you.
1440.5,Here's how the data flows through the pipeline.
1443.4,The performance improvement is significant when using this technique. The output will be processed in the following way.
1450.0,This is one of the most important concepts you'll learn.
1453.6,This is the foundation for more advanced topics.
1456.5,Here's a summary of what we've covered so far.
1459.8,Here's a summary of what we've covered so far.
1463.0,"If you look at the documentation, you'll find more details."
1466.7,Let me break this down into simpler components for you. This is where most people make mistakes in their implementation.
1473.9,Let me highlight the most critical parts of this solution.
1477.6,"As you can see from this diagram, the process is quite straightforward. Let me explain the intuition behind this formula."
1484.8,This is essential for maintaining code quality.
1487.4,"As you can see from this diagram, the process is quite straightforward. As you can see from this diagram, the process is quite straightforward."
1496.1,"Now, let's move on to the next section of our course."
1500.1,The output will be processed in the following way. This pattern is used across many different frameworks.
1506.2,"As you can see from this diagram, the process is quite straightforward."
1510.6,This function takes three parameters as input. Let me show you a different perspective on this problem.
1516.8,This data structure provides efficient access patterns.
1519.3,This is one of the most important concepts you'll learn.
1522.9,"Let's walk through the code step by step. Now, let's move on to the next section of our course."
1529.8,The solution involves breaking it down into subproblems. Let me explain the intuition behind this formula.
1535.7,Here's where the magic happens in the algorithm.
1538.6,Let's test this implementation with some sample data. Now let's discuss the trade-offs of this approach.
1544.4,"Before we proceed, make sure you understand this concept."
1547.6,This pattern is used across many different frameworks. The error handling is important for robust applications.
1553.4,This problem can be solved using dynamic programming.
1556.3,This function takes three parameters as input.
1558.9,This approach requires careful consideration of edge cases.
1561.8,Today we're going to explore advanced machine learning techniques.
1565.1,The performance improvement is significant when using this technique. The algorithm terminates when this condition is met.
1571.2,This is essential for maintaining code quality. Let me break this down into simpler components for you.
1577.4,"We can optimize this further by using parallel processing. As you can see from this diagram, the process is quite straightforward."
1585.0,Let me break this down into simpler components for you.
1588.7,This is a common pattern you'll see in production code.
1592.3,"Before we proceed, make sure you understand this concept. This is a common pattern in modern software architecture."
1598.8,Now we'll explore how this integrates with the rest of the system. This concept is fundamental to understanding the entire system.
1606.5,Notice how the variables are initialized at the beginning.
1609.7,This is where most people make mistakes in their implementation. The time complexity of this operation is linear.
1616.3,The solution involves breaking it down into subproblems.
1619.2,This problem can be solved using dynamic programming.
1622.1,You might be wondering why we need this approach.
1625.3,Here's a summary of what we've covered so far.
1628.6,Let me give you a practical example of how this works.
1632.6,This approach requires careful consideration of edge cases. This technique has been refined over many years.
1638.4,Let me explain the intuition behind this formula.
1641.3,Here's how the data flows through the pipeline.
1644.2,This data structure provides efficient access patterns. This is a common pattern you'll see in production code.
1650.4,"Before we proceed, make sure you understand this concept. This is where you need to pay attention to memory usage."
1657.7,Let me show you a different perspective on this problem. Now we'll explore how this integrates with the rest of the system.
1665.6,Here's how the data flows through the pipeline.
1668.6,"This is a common pattern you'll see in production code. Before we proceed, make sure you understand this concept."
1675.5,The solution involves breaking it down into subproblems.
1678.4,Here's how the data flows through the pipeline.
1681.3,This is a common pattern you'll see in production code.
1684.9,The error handling is important for robust applications.
1687.8,Let me highlight the most critical parts of this solution. Here's a summary of what we've covered so far.
1694.7,The performance improvement is significant when using this technique. This is one of the most important concepts you'll learn.
1701.6,This approach has several advantages over the traditional method. This is a common pattern you'll see in production code.
1708.5,This concept is fundamental to understanding the entire system. This function takes three parameters as input.
1714.3,This function takes three parameters as input. The key insight here is that we need to understand the underlying principles.
1721.6,This is essential for maintaining code quality.
1724.1,Here's where the magic happens in the algorithm.
1727.0,The performance improvement is significant when using this technique.
1730.3,You might be wondering why we need this approach. This is essential for maintaining code quality.
1736.1,Notice how the variables are initialized at the beginning.
1739.4,This technique has been refined over many years. Let me break this down into simpler components for you.
1745.9,Let me show you a different perspective on this problem. Let's test this implementation with some sample data.
1752.4,This is a common pattern in modern software architecture.
1755.7,Let me break this down into simpler components for you.
1759.3,This function takes three parameters as input.
1761.9,This particular method has been proven to be very effective. This is where most people make mistakes in their implementation.
1769.1,Let me show you a different perspective on this problem. Let's walk through the code step by step.
1775.7,The key insight here is that we need to understand the underlying principles.
1780.4,This data structure provides efficient access patterns. The visualization helps us understand the underlying patterns.
1785.8,The solution involves breaking it down into subproblems. This is a classic problem in computer science.
1791.7,The performance improvement is significant when using this technique. This is where you need to pay attention to memory usage.
1798.9,Now let's discuss the trade-offs of this approach.
1801.8,This is where the actual computation takes place.
1804.7,This is where most people make mistakes in their implementation. The error handling is important for robust applications.
1811.3,This is a common pattern in modern software architecture.
1814.5,Let me break this down into simpler components for you.
1818.2,Here's how the data flows through the pipeline. This approach requires careful consideration of edge cases.
1824.0,The results show a clear improvement in performance metrics. This is the foundation for more advanced topics.
1830.1,This data structure provides efficient access patterns. This is where the actual computation takes place.
1835.6,Let me highlight the most critical parts of this solution. The key insight here is that we need to understand the underlying principles.
1843.9,This function takes three parameters as input.
1846.5,This approach requires careful consideration of edge cases. Let me break this down into simpler components for you.
1853.0,This is where the actual computation takes place. Let me show you a different perspective on this problem.
1859.6,This is essential for maintaining code quality.
1862.1,This approach requires careful consideration of edge cases.
1865.0,You can apply this principle to many different problems. This is a common pattern in modern software architecture.
1871.5,"As you can see from this diagram, the process is quite straightforward."
1875.9,"This is a classic problem in computer science. As you can see from this diagram, the process is quite straightforward."
1883.2,This is essential for maintaining code quality.
1885.7,This is where most people make mistakes in their implementation.
1889.3,"Now, let's move on to the next section of our course."
1893.3,This function takes three parameters as input.
1895.9,Here's where the magic happens in the algorithm. You can apply this principle to many different problems.
1902.0,The performance improvement is significant when using this technique. Let's test this implementation with some sample data.
1908.2,Today we're going to explore advanced machine learning techniques.
1911.5,This is a classic problem in computer science.
1914.4,"As you can see from this diagram, the process is quite straightforward. Let me show you a different perspective on this problem."
1922.4,Let me explain the intuition behind this formula.
1925.3,This data structure provides efficient access patterns.
1927.8,This technique has been refined over many years. Here's where the magic happens in the algorithm.
1933.6,The algorithm terminates when this condition is met.
1936.5,The solution involves breaking it down into subproblems. The scalability of this solution is crucial for large datasets.
1943.1,This concept is fundamental to understanding the entire system.
1946.3,This pattern is used across many different frameworks.
1949.2,You might be wondering why we need this approach.
1952.5,Here's how the data flows through the pipeline. This pattern is used across many different frameworks.
1958.3,This is where the actual computation takes place.
1961.2,This function takes three parameters as input. This particular method has been proven to be very effective.
1967.4,This technique is widely used in industry applications.
1970.3,"Before we proceed, make sure you understand this concept."
1973.6,This technique is widely used in industry applications.
1976.5,This is a classic problem in computer science. The output will be processed in the following way.
1982.7,You can apply this principle to many different problems.
1985.9,"Now, let's move on to the next section of our course. This technique is widely used in industry applications."
1992.8,"If you look at the documentation, you'll find more details. Now we'll explore how this integrates with the rest of the system."
2000.8,Now let's discuss the trade-offs of this approach.
2003.7,This is the foundation for more advanced topics. Let me break this down into simpler components for you.
2010.3,The scalability of this solution is crucial for large datasets. The visualization helps us understand the underlying patterns.
2016.8,Here's a summary of what we've covered so far. The performance improvement is significant when using this technique.
2023.3,This particular method has been proven to be very effective. The recursion here creates a tree structure of computations.
2030.2,Let's test this implementation with some sample data. This approach requires careful consideration of edge cases.
2036.0,You might be wondering why we need this approach.
2039.3,Here's a summary of what we've covered so far.
2042.6,The results show a clear improvement in performance metrics. This is where the actual computation takes place.
2048.7,This technique has been refined over many years. This technique has been refined over many years.
2054.6,Let's walk through the code step by step. This technique has been refined over many years.
2060.4,This function takes three parameters as input. This particular method has been proven to be very effective.
2066.5,Let's walk through the code step by step.
2069.4,Let's test this implementation with some sample data. Let me give you a practical example of how this works.
2076.3,Now let's discuss the trade-offs of this approach.
2079.2,This is a classic problem in computer science. This is one of the most important concepts you'll learn.
2085.8,The algorithm terminates when this condition is met.
2088.7,Let me explain the intuition behind this formula. You can apply this principle to many different problems.
2094.9,Let's walk through the code step by step.
2097.8,Let me highlight the most critical parts of this solution.
2101.4,The time complexity of this operation is linear.
2104.3,Let me highlight the most critical parts of this solution. This is a classic problem in computer science.
2110.8,Here's a summary of what we've covered so far.
2114.1,This approach has several advantages over the traditional method. Here's a summary of what we've covered so far.
2120.6,Let's walk through the code step by step. Let's test this implementation with some sample data.
2126.5,The solution involves breaking it down into subproblems. Let me break this down into simpler components for you.
2133.0,This technique is widely used in industry applications.
2135.9,This pattern is used across many different frameworks. This problem can be solved using dynamic programming.
2141.7,Let me show you a different perspective on this problem.
2145.3,This is where most people make mistakes in their implementation.
2149.0,Now let's discuss the trade-offs of this approach. The visualization helps us understand the underlying patterns.
2154.8,This concept is fundamental to understanding the entire system. This is where the actual computation takes place.
2160.9,This technique has been refined over many years. This is a common pattern in modern software architecture.
2167.1,This function takes three parameters as input.
2169.7,You might be wondering why we need this approach.
2172.9,Let me highlight the most critical parts of this solution.
2176.6,Let's test this implementation with some sample data. Let's walk through the code step by step.
2182.4,This is a classic problem in computer science. Here's a summary of what we've covered so far.
2188.5,Here's how the data flows through the pipeline.
2191.5,Let me explain the intuition behind this formula. You might be wondering why we need this approach.
2197.6,This is a common pattern you'll see in production code. This is where the actual computation takes place.
2204.2,"Before we proceed, make sure you understand this concept. Let me highlight the most critical parts of this solution."
2211.1,"This is essential for maintaining code quality. Now, let's move on to the next section of our course."
2217.6,The error handling is important for robust applications.
2220.5,This is the foundation for more advanced topics.
2223.4,Here's how the data flows through the pipeline. Let me explain the intuition behind this formula.
2229.2,Now let's discuss the trade-offs of this approach.
2232.1,"Now, let's move on to the next section of our course."
2236.1,This is a common pattern you'll see in production code.
2239.7,This is essential for maintaining code quality. Let's walk through the code step by step.
2245.2,This particular method has been proven to be very effective. This approach requires careful consideration of edge cases.
2251.7,The time complexity of this operation is linear.
2254.6,Let me show you a different perspective on this problem. Let's walk through the code step by step.
2261.2,Let's test this implementation with some sample data.
2264.1,This is a common pattern you'll see in production code.
2267.7,The error handling is important for robust applications. The time complexity of this operation is linear.
2273.5,This technique is widely used in industry applications.
2276.4,Let me highlight the most critical parts of this solution.
2280.1,Let me highlight the most critical parts of this solution.
2283.7,We can optimize this further by using parallel processing. Let me break this down into simpler components for you.
2290.6,Notice how the variables are initialized at the beginning.
2293.9,"If you look at the documentation, you'll find more details. This is one of the most important concepts you'll learn."
2301.1,Let me show you a different perspective on this problem.
2304.7,Now let's discuss the trade-offs of this approach.
2307.7,The solution involves breaking it down into subproblems.
2310.6,The performance improvement is significant when using this technique.
2313.8,This is a common pattern you'll see in production code.
2317.5,We can optimize this further by using parallel processing.
2320.7,This is where the actual computation takes place.
2323.6,The algorithm terminates when this condition is met. The solution involves breaking it down into subproblems.
2329.4,This concept is fundamental to understanding the entire system.
2332.7,This concept is fundamental to understanding the entire system. This problem can be solved using dynamic programming.
2338.9,The output will be processed in the following way. Let me break this down into simpler components for you.
2345.8,Let me highlight the most critical parts of this solution.
2349.4,Here's a summary of what we've covered so far. This is where the actual computation takes place.
2355.6,This function takes three parameters as input. This is where the actual computation takes place.
2361.0,The visualization helps us understand the underlying patterns. The key insight here is that we need to understand the underlying principles.
2368.7,You can apply this principle to many different problems. Let's walk through the code step by step.
2374.8,This technique is widely used in industry applications.
2377.7,The key insight here is that we need to understand the underlying principles.
2382.5,Let me explain the intuition behind this formula.
2385.4,You can apply this principle to many different problems.
2388.6,This is one of the most important concepts you'll learn. Here's how the data flows through the pipeline.
2395.2,Today we're going to explore advanced machine learning techniques. Let's test this implementation with some sample data.
2401.3,Let me give you a practical example of how this works.
2405.3,This is one of the most important concepts you'll learn.
2409.0,This approach requires careful consideration of edge cases.
2411.9,This approach has several advantages over the traditional method.
2415.1,This is a common pattern you'll see in production code.
2418.8,This technique has been refined over many years. Let me give you a practical example of how this works.
2425.7,"As you can see from this diagram, the process is quite straightforward."
2430.0,This technique is widely used in industry applications. This is the foundation for more advanced topics.
2435.8,"As you can see from this diagram, the process is quite straightforward. This approach requires careful consideration of edge cases."
2443.1,The recursion here creates a tree structure of computations. This data structure provides efficient access patterns.
2448.9,This is the foundation for more advanced topics.
2451.8,You can apply this principle to many different problems. This is where the actual computation takes place.
2458.0,This pattern is used across many different frameworks. Now let's discuss the trade-offs of this approach.
2463.8,This is a classic problem in computer science. The scalability of this solution is crucial for large datasets.
2470.3,"Before we proceed, make sure you understand this concept. The output will be processed in the following way."
2476.9,This is a common pattern in modern software architecture. Here's where the magic happens in the algorithm.
2483.0,Let me show you a different perspective on this problem.
2486.7,Today we're going to explore advanced machine learning techniques. The solution involves breaking it down into subproblems.
2492.8,This approach has several advantages over the traditional method. Let me show you a different perspective on this problem.
2499.7,This is essential for maintaining code quality. This function takes three parameters as input.
2504.8,The output will be processed in the following way.
2508.1,Let me break this down into simpler components for you.
2511.7,Now let's discuss the trade-offs of this approach.
2514.6,This pattern is used across many different frameworks. The scalability of this solution is crucial for large datasets.
2521.2,Let me show you a different perspective on this problem. The error handling is important for robust applications.
2527.7,This approach requires careful consideration of edge cases. Let me show you a different perspective on this problem.
2534.2,"Before we proceed, make sure you understand this concept."
2537.5,Let me explain the intuition behind this formula.
2540.4,The output will be processed in the following way. Let's test this implementation with some sample data.
2546.6,This is the foundation for more advanced topics.
2549.5,Today we're going to explore advanced machine learning techniques. This function takes three parameters as input.
2555.3,This is the foundation for more advanced topics. Let me explain the intuition behind this formula.
2561.1,This is where you need to pay attention to memory usage. You might be wondering why we need this approach.
2568.4,This is a common pattern in modern software architecture. This is a common pattern you'll see in production code.
2575.3,The algorithm terminates when this condition is met.
2578.2,This is one of the most important concepts you'll learn.
2581.8,This is a common pattern in modern software architecture. This technique has been refined over many years.
2588.0,"If you look at the documentation, you'll find more details."
2591.6,The solution involves breaking it down into subproblems.
2594.5,Here's how the data flows through the pipeline.
2597.4,The error handling is important for robust applications. This is where you need to pay attention to memory usage.
2604.3,This pattern is used across many different frameworks. The time complexity of this operation is linear.
2610.1,We can optimize this further by using parallel processing. This is a classic problem in computer science.
2616.3,Let me show you a different perspective on this problem.
2619.9,"The output will be processed in the following way. As you can see from this diagram, the process is quite straightforward."
2627.6,Let me break this down into simpler components for you. This is where the actual computation takes place.
2634.1,"Now, let's move on to the next section of our course. This approach requires careful consideration of edge cases."
2641.0,"Now let's discuss the trade-offs of this approach. Before we proceed, make sure you understand this concept."
2647.2,This particular method has been proven to be very effective.
2650.8,This concept is fundamental to understanding the entire system. The algorithm terminates when this condition is met.
2657.0,The scalability of this solution is crucial for large datasets.
2660.6,This function takes three parameters as input. This data structure provides efficient access patterns.
2665.7,Let me explain the intuition behind this formula.
2668.6,This is the foundation for more advanced topics. This is where most people make mistakes in their implementation.
2675.1,"This is essential for maintaining code quality. If you look at the documentation, you'll find more details."
2681.3,Let me give you a practical example of how this works. This technique is widely used in industry applications.
2688.2,The scalability of this solution is crucial for large datasets. This is where most people make mistakes in their implementation.
2695.5,The results show a clear improvement in performance metrics.
2698.7,"If you look at the documentation, you'll find more details. This approach has several advantages over the traditional method."
2705.6,The key insight here is that we need to understand the underlying principles. Let's test this implementation with some sample data.
2713.3,"Now, let's move on to the next section of our course. The recursion here creates a tree structure of computations."
2720.5,This problem can be solved using dynamic programming.
2723.4,Let me explain the intuition behind this formula. This particular method has been proven to be very effective.
2730.0,Here's a summary of what we've covered so far. This is where the actual computation takes place.
2736.1,Let me highlight the most critical parts of this solution.
2739.8,We can optimize this further by using parallel processing. Let me break this down into simpler components for you.
2746.7,This is a common pattern you'll see in production code.
2750.3,This is one of the most important concepts you'll learn. The visualization helps us understand the underlying patterns.
2756.8,This technique has been refined over many years.
2759.7,Now we'll explore how this integrates with the rest of the system. This is one of the most important concepts you'll learn.
2767.7,This particular method has been proven to be very effective.
2771.4,"Now, let's move on to the next section of our course. Let me highlight the most critical parts of this solution."
2779.0,Notice how the variables are initialized at the beginning. Here's a summary of what we've covered so far.
2785.5,The scalability of this solution is crucial for large datasets.
2789.2,The key insight here is that we need to understand the underlying principles. Let me explain the intuition behind this formula.
2796.8,Let me give you a practical example of how this works. The visualization helps us understand the underlying patterns.
2803.7,The output will be processed in the following way. The performance improvement is significant when using this technique.
2810.2,"Now, let's move on to the next section of our course."
2814.2,Let me explain the intuition behind this formula. This is where the actual computation takes place.
2820.0,Here's where the magic happens in the algorithm.
2822.9,Here's where the magic happens in the algorithm.
2825.8,Let me highlight the most critical parts of this solution. The visualization helps us understand the underlying patterns.
2832.4,"If you look at the documentation, you'll find more details."
2836.0,Let me show you a different perspective on this problem.
2839.6,Let's walk through the code step by step. This approach requires careful consideration of edge cases.
2845.4,This is one of the most important concepts you'll learn. Here's a summary of what we've covered so far.
